"日期","最新","开盘","高","低","交易量","百分比变化"
"2005年7月19日","10,663.0","10,631.0","10,683.0","10,617.0","77.74K","0.43"
"2005年7月18日","10,617.0","10,650.0","10,653.0","10,589.0","73.35K","-0.37"
"2005年7月15日","10,656.0","10,648.0","10,673.0","10,614.0","63.85K","0.01"
"2005年7月14日","10,655.0","10,584.0","10,672.0","10,575.0","114.86K","0.74"
"2005年7月13日","10,577.0","10,529.0","10,586.0","10,521.0","86.27K","0.47"
"2005年7月12日","10,528.0","10,538.0","10,565.0","10,501.0","94.09K","-0.12"
"2005年7月11日","10,541.0","10,473.0","10,556.0","10,473.0","85.38K","0.66"
"2005年7月8日","10,472.0","10,352.0","10,483.0","10,321.0","113.90K","1.35"
"2005年7月7日","10,333.0","10,285.0","10,341.0","10,061.0","149.08K","0.44"
"2005年7月6日","10,288.0","10,384.0","10,404.0","10,281.0","94.72K","-0.95"
"2005年7月5日","10,387.0","10,332.0","10,409.0","10,300.0","86.59K","0.52"
"2005年7月1日","10,333.0","10,302.0","10,365.0","10,302.0","69.76K","0.30"
"2005年6月30日","10,302.0","10,387.0","10,431.0","10,283.0","106.38K","-0.78"
"2005年6月29日","10,383.0","10,426.0","10,455.0","10,376.0","75.63K","-0.44"
"2005年6月28日","10,429.0","10,325.0","10,432.0","10,324.0","77.85K","1.03"
"2005年6月27日","10,323.0","10,317.0","10,357.0","10,274.0","94.35K","-0.02"
"2005年6月24日","10,325.0","10,442.0","10,459.0","10,306.0","108.75K","-1.06"
"2005年6月23日","10,436.0","10,634.0","10,640.0","10,294.0","127.97K","-1.85"
"2005年6月22日","10,633.0","10,640.0","10,682.0","10,603.0","73.94K","-0.10"
"2005年6月21日","10,644.0","10,636.0","10,664.0","10,609.0","78.10K","0.10"
"2005年6月20日","10,633.0","10,636.0","10,670.0","10,594.0","69.16K","-0.12"
"2005年6月17日","10,646.0","10,603.0","10,694.0","10,603.0","90.38K","0.65"
"2005年6月16日","10,577.0","10,575.0","10,599.0","10,546.0","7.89K","0.06"
"2005年6月15日","10,571.0","10,555.0","10,597.0","10,497.0","9.32K","0.14"
"2005年6月14日","10,556.0","10,554.0","10,594.0","10,521.0","9.12K","0.19"
"2005年6月13日","10,536.0","10,515.0","10,597.0","10,479.0","12.07K","0.19"
"2005年6月10日","10,516.0","10,500.0","10,541.0","10,449.0","14.13K","0.14"
"2005年6月9日","10,501.0","10,483.0","10,528.0","10,439.0","28.35K","0.12"
"2005年6月8日","10,488.0","10,496.0","10,545.0","10,461.0","90.70K","-0.06"
"2005年6月7日","10,494.0","10,470.0","10,581.0","10,468.0","113.05K","0.23"
"2005年6月6日","10,470.0","10,476.0","10,484.0","10,432.0","59.11K","-0.10"
"2005年6月3日","10,481.0","10,557.0","10,571.0","10,447.0","89.02K","-0.74"
"2005年6月2日","10,559.0","10,550.0","10,569.0","10,513.0","66.52K","0.21"
"2005年6月1日","10,537.0","10,483.0","10,594.0","10,471.0","109.79K","0.54"
"2005年5月31日","10,480.0","10,553.0","10,556.0","10,466.0","77.27K","-0.67"
"2005年5月27日","10,551.0","10,536.0","10,559.0","10,521.0","31.99K","0.10"
"2005年5月26日","10,540.0","10,478.0","10,550.0","10,475.0","55.64K","0.64"
"2005年5月25日","10,473.0","10,493.0","10,495.0","10,431.0","75.86K","-0.27"
"2005年5月24日","10,501.0","10,535.0","10,536.0","10,480.0","86.78K","-0.37"
"2005年5月23日","10,540.0","10,479.0","10,569.0","10,475.0","82.75K","0.54"
"2005年5月20日","10,483.0","10,494.0","10,505.0","10,430.0","75.35K","-0.12"
"2005年5月19日","10,496.0","10,466.0","10,507.0","10,444.0","98.25K","0.24"
"2005年5月18日","10,471.0","10,334.0","10,492.0","10,315.0","113.34K","1.30"
"2005年5月17日","10,337.0","10,251.0","10,343.0","10,213.0","103.68K","0.83"
"2005年5月16日","10,252.0","10,150.0","10,259.0","10,144.0","91.25K","0.93"
"2005年5月13日","10,158.0","10,200.0","10,238.0","10,074.0","142.61K","-0.29"
"2005年5月12日","10,188.0","10,301.0","10,323.0","10,180.0","138.44K","-1.10"
"2005年5月11日","10,301.0","10,266.0","10,323.0","10,181.0","133.93K","0.26"
"2005年5月10日","10,274.0","10,367.0","10,371.0","10,242.0","116.86K","-0.96"
"2005年5月9日","10,374.0","10,343.0","10,385.0","10,315.0","82.07K","0.36"
"2005年5月6日","10,337.0","10,344.0","10,412.0","10,324.0","98.93K","-0.09"
"2005年5月5日","10,346.0","10,367.0","10,405.0","10,295.0","121.90K","-0.25"
"2005年5月4日","10,372.0","10,286.0","10,393.0","10,266.0","113.53K","0.87"
"2005年5月3日","10,283.0","10,253.0","10,309.0","10,206.0","125.04K","0.27"
"2005年5月2日","10,255.0","10,193.0","10,264.0","10,184.0","93.56K","0.57"
"2005年4月29日","10,197.0","10,062.0","10,202.0","10,047.0","144.27K","1.32"
"2005年4月28日","10,064.0","10,194.0","10,206.0","10,041.0","132.27K","-1.28"
"2005年4月27日","10,194.0","10,155.0","10,223.0","10,079.0","132.58K","0.32"
"2005年4月26日","10,161.0","10,251.0","10,269.0","10,149.0","110.14K","-0.93"
"2005年4月25日","10,256.0","10,186.0","10,271.0","10,178.0","90.47K","0.67"
"2005年4月22日","10,188.0","10,209.0","10,225.0","10,070.0","120.90K","-0.37"
"2005年4月21日","10,226.0","10,025.0","10,242.0","10,013.0","128.27K","2.06"
"2005年4月20日","10,020.0","10,170.0","10,189.0","9,999.0","153.34K","-1.15"
"2005年4月19日","10,137.0","10,093.0","10,172.0","10,074.0","107.56K","0.64"
"2005年4月18日","10,073.0","10,063.0","10,115.0","10,020.0","155.51K","-0.10"
"2005年4月15日","10,083.0","10,234.0","10,273.0","10,068.0","176.70K","-1.66"
"2005年4月14日","10,253.0","10,411.0","10,429.0","10,215.0","153.66K","-1.50"
"2005年4月13日","10,409.0","10,517.0","10,533.0","10,387.0","116.30K","-1.02"
"2005年4月12日","10,516.0","10,460.0","10,544.0","10,363.0","137.60K","0.51"
"2005年4月11日","10,463.0","10,463.0","10,497.0","10,454.0","76.57K","-0.11"
"2005年4月8日","10,475.0","10,571.0","10,575.0","10,452.0","84.13K","-0.90"
"2005年4月7日","10,570.0","10,522.0","10,578.0","10,491.0","95.94K","0.46"
"2005年4月6日","10,522.0","10,486.0","10,544.0","10,486.0","94.83K","0.40"
"2005年4月5日","10,480.0","10,445.0","10,492.0","10,436.0","87.16K","0.38"
"2005年4月4日","10,440.0","10,421.0","10,460.0","10,370.0","104.92K","0.09"
"2005年4月1日","10,431.0","10,527.0","10,586.0","10,395.0","130.36K","-0.85"
"2005年3月31日","10,520.0","10,560.0","10,573.0","10,504.0","81.27K","-0.36"
"2005年3月30日","10,558.0","10,440.0","10,571.0","10,438.0","111.25K","1.16"
"2005年3月29日","10,437.0","10,505.0","10,542.0","10,412.0","120.14K","-0.64"
"2005年3月28日","10,504.0","10,491.0","10,550.0","10,481.0","74.32K","0.34"
"2005年3月24日","10,468.0","10,478.0","10,542.0","10,461.0","75.46K","-0.02"
"2005年3月23日","10,470.0","10,479.0","10,519.0","10,451.0","115.13K","-0.17"
"2005年3月22日","10,488.0","10,577.0","10,634.0","10,464.0","116.23K","-0.88"
"2005年3月21日","10,581.0","10,635.0","10,650.0","10,557.0","94.60K","-0.51"
"2005年3月18日","10,635.0","10,660.0","10,679.0","10,579.0","111.77K","0.09"
"2005年3月17日","10,625.0","10,641.0","10,661.0","10,596.0","4.77K","-0.07"
"2005年3月16日","10,632.0","10,750.0","10,782.0","10,613.0","7.08K","-1.11"
"2005年3月15日","10,751.0","10,809.0","10,843.0","10,746.0","5.17K","-0.56"
"2005年3月14日","10,812.0","10,790.0","10,817.0","10,754.0","7.42K","0.25"
"2005年3月11日","10,785.0","10,854.0","10,877.0","10,763.0","11.65K","-0.54"
"2005年3月10日","10,844.0","10,809.0","10,871.0","10,774.0","30.96K","0.39"
"2005年3月9日","10,802.0","10,916.0","10,946.0","10,794.0","124.96K","-1.05"
"2005年3月8日","10,917.0","10,925.0","10,956.0","10,900.0","86.42K","-0.19"
"2005年3月7日","10,938.0","10,970.0","10,983.0","10,926.0","36.15K","-0.16"
"2005年3月4日","10,956.0","10,825.0","10,971.0","10,824.0","91.68K","1.20"
"2005年3月3日","10,826.0","10,809.0","10,872.0","10,767.0","109.70K","0.13"
"2005年3月2日","10,812.0","10,809.0","10,876.0","10,779.0","112.21K","-0.14"
"2005年3月1日","10,827.0","10,775.0","10,857.0","10,763.0","83.26K","0.45"
"2005年2月28日","10,778.0","10,845.0","10,864.0","10,731.0","85.60K","-0.59"
"2005年2月25日","10,842.0","10,751.0","10,850.0","10,736.0","71.75K","0.85"
"2005年2月24日","10,751.0","10,688.0","10,763.0","10,647.0","97.05K","0.61"
"2005年2月23日","10,686.0","10,618.0","10,705.0","10,610.0","92.60K","0.64"
"2005年2月22日","10,618.0","10,787.0","10,789.0","10,610.0","107.03K","-1.66"
"2005年2月18日","10,797.0","10,761.0","10,798.0","10,731.0","68.38K","0.35"
"2005年2月17日","10,759.0","10,838.0","10,845.0","10,755.0","86.54K","-0.72"
"2005年2月16日","10,837.0","10,841.0","10,860.0","10,785.0","67.53K","-0.01"
"2005年2月15日","10,838.0","10,790.0","10,854.0","10,783.0","74.06K","0.42"
"2005年2月14日","10,793.0","10,813.0","10,819.0","10,777.0","45.83K","-0.12"
"2005年2月11日","10,806.0","10,755.0","10,834.0","10,706.0","91.59K","0.56"
"2005年2月10日","10,746.0","10,668.0","10,767.0","10,668.0","83.19K","0.68"
"2005年2月9日","10,673.0","10,720.0","10,756.0","10,658.0","85.17K","-0.46"
"2005年2月8日","10,722.0","10,698.0","10,742.0","10,692.0","66.81K","0.21"
"2005年2月7日","10,700.0","10,711.0","10,726.0","10,690.0","58.19K","0.05"
"2005年2月4日","10,695.0","10,585.0","10,720.0","10,571.0","87.11K","1.03"
"2005年2月3日","10,586.0","10,577.0","10,597.0","10,544.0","67.60K","0.01"
"2005年2月2日","10,585.0","10,553.0","10,617.0","10,537.0","73.56K","0.41"
"2005年2月1日","10,542.0","10,481.0","10,567.0","10,467.0","67.31K","0.54"
"2005年1月31日","10,485.0","10,481.0","10,507.0","10,452.0","72.68K","0.36"
"2005年1月28日","10,447.0","10,474.0","10,482.0","10,378.0","93.05K","-0.20"
"2005年1月27日","10,468.0","10,480.0","10,499.0","10,424.0","94.30K","-0.19"
"2005年1月26日","10,488.0","10,479.0","10,531.0","10,473.0","86.90K","0.21"
"2005年1月25日","10,466.0","10,392.0","10,510.0","10,391.0","93.27K","0.80"
"2005年1月24日","10,383.0","10,407.0","10,441.0","10,367.0","116.20K","-0.10"
"2005年1月21日","10,393.0","10,481.0","10,512.0","10,383.0","96.71K","-0.76"
"2005年1月20日","10,473.0","10,496.0","10,548.0","10,456.0","114.51K","-0.53"
"2005年1月19日","10,529.0","10,623.0","10,628.0","10,489.0","81.76K","-0.86"
"2005年1月18日","10,620.0","10,560.0","10,635.0","10,504.0","90.50K","0.69"
"2005年1月14日","10,547.0","10,506.0","10,567.0","10,497.0","66.75K","0.43"
"2005年1月13日","10,502.0","10,616.0","10,620.0","10,481.0","100.99K","-0.97"
"2005年1月12日","10,605.0","10,584.0","10,627.0","10,501.0","126.81K","0.45"
"2005年1月11日","10,558.0","10,622.0","10,634.0","10,533.0","101.96K","-0.66"
"2005年1月10日","10,628.0","10,613.0","10,673.0","10,585.0","96.26K","0.27"
"2005年1月7日","10,599.0","10,619.0","10,664.0","10,573.0","110.50K","-0.21"
"2005年1月6日","10,621.0","10,590.0","10,677.0","10,590.0","107.87K","0.32"
"2005年1月5日","10,587.0","10,650.0","10,689.0","10,578.0","116.28K","-0.57"
"2005年1月4日","10,648.0","10,748.0","10,777.0","10,608.0","127.40K","-0.95"
"2005年1月3日","10,750.0","10,781.0","10,876.0","10,711.0","113.28K","-0.17"
"2004年12月31日","10,768.0","10,809.0","10,838.0","10,763.0","19.96K","-0.28"
"2004年12月30日","10,798.0","10,843.0","10,857.0","10,795.0","27.48K","-0.42"
"2004年12月29日","10,844.0","10,867.0","10,875.0","10,801.0","40.20K","-0.20"
"2004年12月28日","10,866.0","10,801.0","10,870.0","10,800.0","36.75K","0.61"
"2004年12月27日","10,800.0","10,839.0","10,878.0","10,790.0","44.44K","-0.30"
"2004年12月23日","10,832.0","10,816.0","10,878.0","10,806.0","38.17K","0.09"
"2004年12月22日","10,822.0","10,761.0","10,839.0","10,752.0","59.29K","0.55"
"2004年12月21日","10,763.0","10,683.0","10,770.0","10,677.0","73.11K","0.73"
"2004年12月20日","10,685.0","10,667.0","10,741.0","10,656.0","80.51K","0.07"
"2004年12月17日","10,677.0","10,715.0","10,738.0","10,643.0","106.75K","-0.35"
"2004年12月16日","10,715.0","10,692.0","10,729.0","10,665.0","5.08K","0.24"
"2004年12月15日","10,689.0","10,674.0","10,711.0","10,637.0","4.89K","0.09"
"2004年12月14日","10,679.0","10,640.0","10,697.0","10,621.0","8.05K","0.28"
"2004年12月13日","10,649.0","10,569.0","10,650.0","10,525.0","7.41K","0.89"
"2004年12月10日","10,555.0","10,554.0","10,580.0","10,518.0","9.88K","0.09"
"2004年12月9日","10,546.0","10,494.0","10,566.0","10,418.0","31.13K","0.37"
"2004年12月8日","10,507.0","10,445.0","10,513.0","10,443.0","98.88K","0.52"
"2004年12月7日","10,453.0","10,545.0","10,575.0","10,441.0","114.48K","-0.85"
"2004年12月6日","10,543.0","10,571.0","10,589.0","10,533.0","74.27K","-0.36"
"2004年12月3日","10,581.0","10,628.0","10,652.0","10,564.0","107.51K","-0.12"
"2004年12月2日","10,594.0","10,585.0","10,639.0","10,550.0","95.58K","0.08"
"2004年12月1日","10,586.0","10,461.0","10,600.0","10,442.0","95.57K","1.29"
"2004年11月30日","10,451.0","10,452.0","10,493.0","10,431.0","99.24K","-0.12"
"2004年11月29日","10,464.0","10,515.0","10,600.0","10,418.0","113.51K","-0.44"
"2004年11月26日","10,510.0","10,552.0","10,561.0","10,501.0","18.71K","-0.11"
"2004年11月24日","10,522.0","10,523.0","10,549.0","10,486.0","60.18K","0.05"
"2004年11月23日","10,517.0","10,499.0","10,522.0","10,442.0","88.50K","0.15"
"2004年11月22日","10,501.0","10,457.0","10,518.0","10,400.0","77.62K","0.22"
"2004年11月19日","10,478.0","10,585.0","10,590.0","10,447.0","92.07K","-1.03"
"2004年11月18日","10,587.0","10,565.0","10,598.0","10,556.0","82.16K","0.12"
"2004年11月17日","10,574.0","10,515.0","10,615.0","10,508.0","91.92K","0.68"
"2004年11月16日","10,503.0","10,560.0","10,560.0","10,481.0","76.24K","-0.56"
"2004年11月15日","10,562.0","10,540.0","10,570.0","10,527.0","81.11K","0.28"
"2004年11月12日","10,532.0","10,475.0","10,543.0","10,460.0","79.07K","0.54"
"2004年11月11日","10,475.0","10,409.0","10,494.0","10,388.0","65.00K","0.68"
"2004年11月10日","10,404.0","10,393.0","10,449.0","10,382.0","90.61K","0.16"
"2004年11月9日","10,387.0","10,393.0","10,428.0","10,366.0","84.74K","-0.10"
"2004年11月8日","10,397.0","10,382.0","10,400.0","10,354.0","79.02K","0.07"
"2004年11月5日","10,390.0","10,293.0","10,412.0","10,280.0","112.99K","0.86"
"2004年11月4日","10,301.0","10,137.0","10,312.0","10,118.0","119.81K","1.58"
"2004年11月3日","10,141.0","10,013.0","10,206.0","10,010.0","130.16K","1.13"
"2004年11月2日","10,028.0","10,039.0","10,125.0","10,000.0","106.67K","-0.14"
"2004年11月1日","10,042.0","10,002.0","10,069.0","9,998.0","74.23K","0.33"
"2004年10月29日","10,009.0","9,996.0","10,037.0","9,977.0","80.80K","0.09"
"2004年10月28日","10,000.0","9,986.0","10,037.0","9,942.0","96.66K","0.13"
"2004年10月27日","9,987.0","9,878.0","10,008.0","9,833.0","119.65K","1.07"
"2004年10月26日","9,881.0","9,767.0","9,886.0","9,741.0","106.15K","1.45"
"2004年10月25日","9,740.0","9,721.0","9,774.0","9,683.0","116.55K","-0.09"
"2004年10月22日","9,749.0","9,860.0","9,879.0","9,741.0","103.18K","-1.16"
"2004年10月21日","9,863.0","9,873.0","9,900.0","9,793.0","118.80K","-0.02"
"2004年10月20日","9,865.0","9,870.0","9,885.0","9,797.0","123.12K","-0.22"
"2004年10月19日","9,887.0","9,959.0","10,012.0","9,877.0","111.89K","-0.58"
"2004年10月18日","9,945.0","9,939.0","9,960.0","9,850.0","87.17K","0.20"
"2004年10月15日","9,925.0","9,891.0","9,974.0","9,882.0","93.33K","0.37"
"2004年10月14日","9,888.0","9,972.0","10,004.0","9,869.0","107.77K","-0.93"
"2004年10月13日","9,981.0","10,098.0","10,125.0","9,948.0","103.09K","-0.86"
"2004年10月12日","10,068.0","10,098.0","10,105.0","10,096.0","75.33K","-0.18"
"2004年10月11日","10,086.0","10,060.0","10,094.0","10,041.0","33.71K","0.47"
"2004年10月8日","10,039.0","10,120.0","10,161.0","10,031.0","88.22K","-0.83"
"2004年10月7日","10,123.0","10,239.0","10,239.0","10,116.0","64.48K","-1.11"
"2004年10月6日","10,237.0","10,183.0","10,242.0","10,154.0","67.23K","0.58"
"2004年10月5日","10,178.0","10,197.0","10,241.0","10,150.0","70.55K","-0.28"
"2004年10月4日","10,207.0","10,194.0","10,266.0","10,190.0","68.22K","0.15"
"2004年10月1日","10,192.0","10,064.0","10,201.0","10,037.0","75.63K","1.26"
"2004年9月30日","10,065.0","10,120.0","10,138.0","10,030.0","83.19K","-0.57"
"2004年9月29日","10,123.0","10,065.0","10,129.0","10,041.0","75.84K","0.58"
"2004年9月28日","10,065.0","9,993.0","10,092.0","9,969.0","84.05K","0.72"
"2004年9月27日","9,993.0","10,063.0","10,066.0","9,977.0","74.13K","-0.54"
"2004年9月24日","10,047.0","10,030.0","10,073.0","10,015.0","62.69K","0.24"
"2004年9月23日","10,023.0","10,091.0","10,107.0","10,019.0","85.89K","-0.68"
"2004年9月22日","10,092.0","10,216.0","10,217.0","10,086.0","89.03K","-1.27"
"2004年9月21日","10,222.0","10,194.0","10,271.0","10,192.0","68.49K","0.24"
"2004年9月20日","10,198.0","10,277.0","10,286.0","10,180.0","84.99K","-0.83"
"2004年9月17日","10,283.0","10,244.0","10,314.0","10,231.0","62.21K","0.29"
"2004年9月16日","10,253.0","10,236.0","10,285.0","10,234.0","4.86K","0.18"
"2004年9月15日","10,235.0","10,325.0","10,328.0","10,232.0","4.12K","-0.92"
"2004年9月14日","10,330.0","10,324.0","10,342.0","10,304.0","5.07K","0.01"
"2004年9月13日","10,329.0","10,300.0","10,349.0","10,296.0","4.46K","0.25"
"2004年9月10日","10,303.0","10,277.0","10,317.0","10,236.0","11.80K","0.23"
"2004年9月9日","10,279.0","10,327.0","10,335.0","10,268.0","24.69K","-0.46"
"2004年9月8日","10,327.0","10,335.0","10,358.0","10,301.0","87.32K","-0.15"
"2004年9月7日","10,342.0","10,301.0","10,363.0","10,284.0","92.66K","0.69"
"2004年9月3日","10,271.0","10,284.0","10,320.0","10,252.0","57.85K","-0.27"
"2004年9月2日","10,299.0","10,172.0","10,306.0","10,155.0","67.74K","1.26"
"2004年9月1日","10,171.0","10,170.0","10,207.0","10,103.0","76.92K","-0.02"
"2004年8月31日","10,173.0","10,127.0","10,175.0","10,073.0","72.43K","0.49"
"2004年8月30日","10,123.0","10,196.0","10,196.0","10,116.0","42.93K","-0.75"
"2004年8月27日","10,200.0","10,167.0","10,211.0","10,164.0","39.24K","0.29"
"2004年8月26日","10,170.0","10,175.0","10,194.0","10,154.0","49.34K","-0.07"
"2004年8月25日","10,177.0","10,100.0","10,201.0","10,065.0","87.73K","0.69"
"2004年8月24日","10,107.0","10,085.0","10,145.0","10,061.0","81.29K","0.26"
"2004年8月23日","10,081.0","10,109.0","10,133.0","10,066.0","77.06K","-0.28"
"2004年8月20日","10,109.0","10,030.0","10,129.0","10,010.0","72.47K","0.66"
"2004年8月19日","10,043.0","10,078.0","10,089.0","9,989.0","83.96K","-0.38"
"2004年8月18日","10,081.0","9,969.0","10,090.0","9,936.0","100.25K","0.99"
"2004年8月17日","9,982.0","9,934.0","10,017.0","9,918.0","76.91K","0.43"
"2004年8月16日","9,939.0","9,820.0","9,963.0","9,790.0","85.36K","1.09"
"2004年8月13日","9,832.0","9,821.0","9,848.0","9,776.0","79.08K","0.14"
"2004年8月12日","9,818.0","9,934.0","9,945.0","9,785.0","100.27K","-1.14"
"2004年8月11日","9,931.0","9,893.0","9,948.0","9,834.0","96.63K","0.14"
"2004年8月10日","9,917.0","9,805.0","9,932.0","9,803.0","83.26K","1.19"
"2004年8月9日","9,800.0","9,802.0","9,844.0","9,792.0","74.39K","0.00"
"2004年8月6日","9,800.0","9,935.0","9,970.0","9,775.0","129.08K","-1.34"
"2004年8月5日","9,933.0","10,101.0","10,122.0","9,927.0","106.47K","-1.70"
"2004年8月4日","10,105.0","10,085.0","10,149.0","10,040.0","96.12K","0.15"
"2004年8月3日","10,090.0","10,152.0","10,161.0","10,083.0","81.73K","-0.74"
"2004年8月2日","10,165.0","10,083.0","10,188.0","10,078.0","91.52K","0.25"
"2004年7月30日","10,140.0","10,126.0","10,159.0","10,071.0","83.26K","0.19"
"2004年7月29日","10,121.0","10,108.0","10,152.0","10,070.0","106.09K","0.11"
"2004年7月28日","10,110.0","10,061.0","10,134.0","9,975.0","128.27K","0.48"
"2004年7月27日","10,062.0","9,956.0","10,087.0","9,949.0","105.68K","1.14"
"2004年7月26日","9,949.0","9,963.0","9,991.0","9,900.0","112.35K","-0.06"
"2004年7月23日","9,955.0","10,007.0","10,020.0","9,916.0","90.90K","-0.61"
"2004年7月22日","10,016.0","10,012.0","10,062.0","9,928.0","114.51K","0.03"
"2004年7月21日","10,013.0","10,174.0","10,226.0","10,002.0","104.56K","-1.52"
"2004年7月20日","10,168.0","10,066.0","10,184.0","10,048.0","87.50K","0.95"
"2004年7月19日","10,072.0","10,143.0","10,167.0","10,048.0","107.22K","-0.64"
"2004年7月16日","10,137.0","10,130.0","10,222.0","10,117.0","86.93K","0.07"
"2004年7月15日","10,130.0","10,207.0","10,218.0","10,119.0","96.72K","-0.65"
"2004年7月14日","10,196.0","10,199.0","10,274.0","10,158.0","102.81K","-0.30"
"2004年7月13日","10,227.0","10,227.0","10,244.0","10,168.0","61.76K","0.02"
"2004年7月12日","10,225.0","10,211.0","10,245.0","10,145.0","80.50K","0.23"
"2004年7月9日","10,202.0","10,183.0","10,225.0","10,176.0","57.84K","0.27"
"2004年7月8日","10,175.0","10,177.0","10,255.0","10,154.0","99.32K","-0.55"
"2004年7月7日","10,231.0","10,204.0","10,260.0","10,174.0","77.15K","0.27"
"2004年7月6日","10,203.0","10,283.0","10,297.0","10,176.0","87.17K","-0.69"
"2004年7月2日","10,274.0","10,304.0","10,320.0","10,247.0","64.25K","-0.25"
"2004年7月1日","10,300.0","10,431.0","10,448.0","10,261.0","106.92K","-1.25"
"2004年6月30日","10,430.0","10,398.0","10,460.0","10,362.0","71.01K","0.30"
"2004年6月29日","10,399.0","10,319.0","10,417.0","10,319.0","68.28K","0.67"
"2004年6月28日","10,330.0","10,402.0","10,461.0","10,313.0","82.78K","-0.48"
"2004年6月25日","10,380.0","10,437.0","10,473.0","10,365.0","57.07K","-0.56"
"2004年6月24日","10,438.0","10,462.0","10,478.0","10,420.0","58.72K","-0.31"
"2004年6月23日","10,470.0","10,389.0","10,477.0","10,346.0","75.80K","0.75"
"2004年6月22日","10,392.0","10,359.0","10,396.0","10,293.0","78.68K","0.37"
"2004年6月21日","10,354.0","10,422.0","10,444.0","10,348.0","56.19K","-0.41"
"2004年6月18日","10,397.0","10,361.0","10,429.0","10,327.0","59.61K","0.17"
"2004年6月17日","10,379.0","10,366.0","10,389.0","10,338.0","6.42K","0.03"
"2004年6月16日","10,376.0","10,389.0","10,422.0","10,355.0","0","-0.16"
"2004年6月15日","10,393.0","10,353.0","10,450.0","10,339.0","0","0.53"
"2004年6月14日","10,338.0","10,385.0","10,396.0","10,308.0","0","-0.62"
"2004年6月11日","10,403.0","10,404.0","10,405.0","10,375.0","0.46K","0.00"
"2004年6月10日","10,403.0","10,371.0","10,413.0","10,371.0","17.99K","0.35"
"2004年6月9日","10,367.0","10,427.0","10,427.0","10,357.0","76.51K","-0.55"
"2004年6月8日","10,424.0","10,376.0","10,429.0","10,346.0","70.46K","0.43"
"2004年6月7日","10,379.0","10,273.0","10,395.0","10,270.0","67.17K","1.26"
"2004年6月4日","10,250.0","10,195.0","10,298.0","10,191.0","72.43K","0.64"
"2004年6月3日","10,185.0","10,254.0","10,282.0","10,178.0","74.22K","-0.76"
"2004年6月2日","10,263.0","10,202.0","10,289.0","10,190.0","71.51K","0.62"
"2004年6月1日","10,200.0","10,202.0","10,210.0","10,128.0","74.93K","0.00"
"2004年5月28日","10,200.0","10,212.0","10,225.0","10,169.0","39.12K","-0.17"
"2004年5月27日","10,217.0","10,116.0","10,224.0","10,114.0","82.81K","0.96"
"2004年5月26日","10,120.0","10,100.0","10,127.0","10,072.0","78.08K","0.09"
"2004年5月25日","10,111.0","9,975.0","10,120.0","9,911.0","97.44K","1.41"
"2004年5月24日","9,970.0","9,995.0","10,046.0","9,925.0","88.92K","0.03"
"2004年5月21日","9,967.0","9,946.0","10,035.0","9,937.0","81.80K","0.13"
"2004年5月20日","9,954.0","9,918.0","9,972.0","9,896.0","82.49K","0.28"
"2004年5月19日","9,926.0","9,960.0","10,092.0","9,905.0","94.70K","-0.31"
"2004年5月18日","9,957.0","9,908.0","9,979.0","9,908.0","78.05K","0.43"
"2004年5月17日","9,914.0","9,993.0","9,993.0","9,853.0","107.14K","-0.83"
"2004年5月14日","9,997.0","9,987.0","10,058.0","9,915.0","115.48K","0.14"
"2004年5月13日","9,983.0","10,048.0","10,067.0","9,958.0","126.32K","-0.70"
"2004年5月12日","10,053.0","9,985.0","10,060.0","9,840.0","143.87K","0.68"
"2004年5月11日","9,985.0","9,961.0","10,024.0","9,949.0","90.59K","0.33"
"2004年5月10日","9,952.0","10,079.0","10,090.0","9,913.0","143.15K","-1.27"
"2004年5月7日","10,080.0","10,223.0","10,263.0","10,065.0","104.93K","-1.39"
"2004年5月6日","10,222.0","10,302.0","10,309.0","10,154.0","86.25K","-0.81"
"2004年5月5日","10,305.0","10,277.0","10,334.0","10,248.0","81.11K","0.26"
"2004年5月4日","10,278.0","10,300.0","10,376.0","10,242.0","84.18K","-0.14"
"2004年5月3日","10,292.0","10,205.0","10,312.0","10,205.0","76.18K","0.87"
"2004年4月30日","10,203.0","10,257.0","10,318.0","10,192.0","98.77K","-0.66"
"2004年4月29日","10,271.0","10,334.0","10,390.0","10,199.0","129.36K","-0.70"
"2004年4月28日","10,343.0","10,466.0","10,471.0","10,313.0","92.13K","-1.18"
"2004年4月27日","10,467.0","10,462.0","10,523.0","10,437.0","94.63K","0.08"
"2004年4月26日","10,459.0","10,441.0","10,496.0","10,400.0","74.64K","0.05"
"2004年4月23日","10,454.0","10,457.0","10,475.0","10,392.0","67.74K","0.21"
"2004年4月22日","10,432.0","10,302.0","10,479.0","10,255.0","106.69K","1.28"
"2004年4月21日","10,300.0","10,280.0","10,316.0","10,226.0","113.72K","0.31"
"2004年4月20日","10,268.0","10,409.0","10,464.0","10,253.0","91.75K","-1.38"
"2004年4月19日","10,412.0","10,429.0","10,435.0","10,375.0","70.25K","-0.25"
"2004年4月16日","10,438.0","10,340.0","10,442.0","10,327.0","75.74K","0.82"
"2004年4月15日","10,353.0","10,389.0","10,415.0","10,302.0","102.46K","-0.26"
"2004年4月14日","10,380.0","10,349.0","10,398.0","10,294.0","98.65K","0.18"
"2004年4月13日","10,361.0","10,501.0","10,559.0","10,339.0","100.16K","-1.33"
"2004年4月12日","10,501.0","10,408.0","10,509.0","10,402.0","50.20K","0.69"
"2004年4月8日","10,429.0","10,515.0","10,560.0","10,372.0","76.15K","-0.56"
"2004年4月7日","10,488.0","10,500.0","10,532.0","10,445.0","83.25K","-0.33"
"2004年4月6日","10,523.0","10,527.0","10,553.0","10,476.0","62.52K","-0.07"
"2004年4月5日","10,530.0","10,454.0","10,541.0","10,433.0","66.06K","0.70"
"2004年4月2日","10,457.0","10,365.0","10,487.0","10,360.0","96.83K","0.85"
"2004年4月1日","10,369.0","10,349.0","10,396.0","10,318.0","77.06K","0.18"
"2004年3月31日","10,350.0","10,350.0","10,387.0","10,289.0","90.10K","-0.07"
"2004年3月30日","10,357.0","10,303.0","10,365.0","10,277.0","76.24K","0.45"
"2004年3月29日","10,311.0","10,205.0","10,324.0","10,192.0","88.03K","1.30"
"2004年3月26日","10,179.0","10,183.0","10,247.0","10,151.0","79.75K","-0.01"
"2004年3月25日","10,180.0","10,037.0","10,201.0","10,036.0","104.90K","1.43"
"2004年3月24日","10,036.0","10,010.0","10,083.0","9,974.0","112.09K","0.09"
"2004年3月23日","10,027.0","10,028.0","10,104.0","10,006.0","91.89K","-0.10"
"2004年3月22日","10,037.0","10,132.0","10,144.0","9,984.0","105.53K","-1.15"
"2004年3月19日","10,154.0","10,302.0","10,325.0","10,134.0","82.39K","-1.49"
"2004年3月18日","10,308.0","10,307.0","10,325.0","10,214.0","3.01K","0.07"
"2004年3月17日","10,301.0","10,180.0","10,335.0","10,176.0","2.24K","1.14"
"2004年3月16日","10,185.0","10,127.0","10,214.0","10,100.0","5.66K","0.63"
"2004年3月15日","10,121.0","10,215.0","10,235.0","10,092.0","4.32K","-1.05"
"2004年3月12日","10,228.0","10,125.0","10,244.0","10,097.0","9.00K","1.09"
"2004年3月11日","10,118.0","10,272.0","10,324.0","10,105.0","39.14K","-1.38"
"2004年3月10日","10,260.0","10,448.0","10,479.0","10,256.0","99.67K","-1.75"
"2004年3月9日","10,443.0","10,505.0","10,528.0","10,419.0","81.57K","-0.52"
"2004年3月8日","10,498.0","10,602.0","10,634.0","10,494.0","58.45K","-0.97"
"2004年3月5日","10,601.0","10,580.0","10,649.0","10,505.0","92.79K","0.19"
"2004年3月4日","10,581.0","10,589.0","10,605.0","10,557.0","44.56K","-0.07"
"2004年3月3日","10,588.0","10,585.0","10,608.0","10,544.0","64.92K","0.00"
"2004年3月2日","10,588.0","10,676.0","10,680.0","10,565.0","79.09K","-0.82"
"2004年3月1日","10,676.0","10,605.0","10,691.0","10,598.0","60.03K","0.89"
"2004年2月27日","10,582.0","10,578.0","10,648.0","10,553.0","64.78K","0.09"
"2004年2月26日","10,573.0","10,603.0","10,610.0","10,533.0","63.85K","-0.23"
"2004年2月25日","10,597.0","10,568.0","10,616.0","10,551.0","60.37K","0.30"
"2004年2月24日","10,565.0","10,604.0","10,637.0","10,516.0","82.11K","-0.38"
"2004年2月23日","10,605.0","10,630.0","10,651.0","10,550.0","73.24K","-0.17"
"2004年2月20日","10,623.0","10,661.0","10,698.0","10,577.0","81.07K","-0.38"
"2004年2月19日","10,663.0","10,686.0","10,750.0","10,653.0","69.15K","-0.11"
"2004年2月18日","10,675.0","10,707.0","10,728.0","10,644.0","56.85K","-0.29"
"2004年2月17日","10,706.0","10,637.0","10,724.0","10,637.0","51.53K","0.78"
"2004年2月13日","10,623.0","10,697.0","10,724.0","10,595.0","66.50K","-0.61"
"2004年2月12日","10,688.0","10,708.0","10,723.0","10,676.0","57.26K","-0.21"
"2004年2月11日","10,710.0","10,586.0","10,737.0","10,576.0","79.94K","1.18"
"2004年2月10日","10,585.0","10,573.0","10,616.0","10,542.0","52.74K","0.12"
"2004年2月9日","10,572.0","10,560.0","10,603.0","10,542.0","52.42K","0.15"
"2004年2月6日","10,556.0","10,470.0","10,575.0","10,443.0","61.33K","0.78"
"2004年2月5日","10,474.0","10,432.0","10,502.0","10,432.0","62.65K","0.33"
"2004年2月4日","10,440.0","10,446.0","10,506.0","10,417.0","69.81K","-0.36"
"2004年2月3日","10,478.0","10,471.0","10,508.0","10,436.0","64.74K","-0.07"
"2004年2月2日","10,485.0","10,470.0","10,549.0","10,417.0","67.77K","0.16"
"2004年1月30日","10,468.0","10,472.0","10,485.0","10,360.0","57.84K","-0.02"
"2004年1月29日","10,470.0","10,468.0","10,508.0","10,397.0","90.25K","0.05"
"2004年1月28日","10,465.0","10,586.0","10,639.0","10,416.0","72.42K","-1.16"
"2004年1月27日","10,588.0","10,675.0","10,684.0","10,582.0","70.65K","-0.90"
"2004年1月26日","10,684.0","10,555.0","10,687.0","10,534.0","70.17K","1.26"
"2004年1月23日","10,551.0","10,600.0","10,630.0","10,501.0","75.15K","-0.55"
"2004年1月22日","10,609.0","10,603.0","10,638.0","10,578.0","74.77K","0.11"
"2004年1月21日","10,597.0","10,504.0","10,629.0","10,472.0","81.88K","0.83"
"2004年1月20日","10,510.0","10,580.0","10,618.0","10,498.0","67.28K","-0.61"
"2004年1月16日","10,575.0","10,563.0","10,594.0","10,518.0","57.16K","0.22"
"2004年1月15日","10,552.0","10,495.0","10,578.0","10,458.0","91.56K","0.24"
"2004年1月14日","10,527.0","10,409.0","10,537.0","10,405.0","64.26K","1.09"
"2004年1月13日","10,414.0","10,481.0","10,490.0","10,341.0","79.13K","-0.62"
"2004年1月12日","10,479.0","10,425.0","10,488.0","10,422.0","63.88K","0.44"
"2004年1月9日","10,433.0","10,570.0","10,574.0","10,422.0","73.74K","-1.22"
"2004年1月8日","10,562.0","10,517.0","10,598.0","10,510.0","66.98K","0.46"
"2004年1月7日","10,514.0","10,510.0","10,520.0","10,442.0","66.86K","0.00"
"2004年1月6日","10,514.0","10,522.0","10,528.0","10,479.0","55.23K","-0.06"
"2004年1月5日","10,520.0","10,424.0","10,525.0","10,418.0","53.84K","1.17"
"2004年1月2日","10,398.0","10,417.0","10,510.0","10,362.0","51.39K","-0.16"
"2003年12月31日","10,415.0","10,406.0","10,439.0","10,383.0","23.42K","0.14"
"2003年12月30日","10,400.0","10,426.0","10,436.0","10,382.0","58.92K","-0.30"
"2003年12月29日","10,431.0","10,292.0","10,440.0","10,292.0","53.84K","1.35"
"2003年12月26日","10,292.0","10,289.0","10,318.0","10,285.0","13.44K","0.11"
"2003年12月24日","10,281.0","10,290.0","10,309.0","10,272.0","21.42K","-0.26"
"2003年12月23日","10,308.0","10,330.0","10,353.0","10,274.0","61.64K","-0.17"
"2003年12月22日","10,326.0","10,198.0","10,332.0","10,190.0","62.56K","0.87"
"2003年12月19日","10,237.0","10,220.0","10,279.0","10,205.0","110.62K","-0.16"
"2003年12月18日","10,253.0","10,160.0","10,257.0","10,146.0","9.68K","0.95"
"2003年12月17日","10,157.0","10,115.0","10,164.0","10,089.0","5.02K","0.34"
"2003年12月16日","10,123.0","10,012.0","10,133.0","10,012.0","7.26K","0.98"
"2003年12月15日","10,025.0","10,160.0","10,190.0","10,017.0","9.10K","-0.10"
"2003年12月12日","10,035.0","10,016.0","10,051.0","9,970.0","14.59K","0.25"
"2003年12月11日","10,010.0","9,932.0","10,020.0","9,926.0","29.06K","0.80"
"2003年12月10日","9,931.0","9,915.0","9,953.0","9,877.0","113.43K","0.09"
"2003年12月9日","9,922.0","9,961.0","9,995.0","9,908.0","109.49K","-0.40"
"2003年12月8日","9,962.0","9,848.0","9,967.0","9,828.0","98.92K","1.05"
"2003年12月5日","9,858.0","9,905.0","9,912.0","9,841.0","110.15K","-0.65"
"2003年12月4日","9,922.0","9,872.0","9,931.0","9,866.0","105.30K","0.53"
"2003年12月3日","9,870.0","9,854.0","9,939.0","9,845.0","105.59K","0.15"
"2003年12月2日","9,855.0","9,887.0","9,889.0","9,831.0","86.19K","-0.35"
"2003年12月1日","9,890.0","9,779.0","9,899.0","9,750.0","107.71K","1.05"
"2003年11月28日","9,787.0","9,780.0","9,799.0","9,742.0","22.08K","0.20"
"2003年11月26日","9,767.0","9,763.0","9,800.0","9,699.0","73.00K","0.11"
"2003年11月25日","9,756.0","9,735.0","9,790.0","9,714.0","90.74K","0.22"
"2003年11月24日","9,735.0","9,630.0","9,747.0","9,623.0","78.24K","1.06"
"2003年11月21日","9,633.0","9,604.0","9,654.0","9,577.0","106.45K","0.23"
"2003年11月20日","9,611.0","9,703.0","9,722.0","9,581.0","71.04K","-0.77"
"2003年11月19日","9,686.0","9,600.0","9,707.0","9,600.0","60.85K","0.79"
"2003年11月18日","9,610.0","9,699.0","9,742.0","9,599.0","63.93K","-0.99"
"2003年11月17日","9,706.0","9,717.0","9,725.0","9,618.0","60.17K","-0.48"
"2003年11月14日","9,753.0","9,821.0","9,893.0","9,727.0","50.32K","-0.76"
"2003年11月13日","9,828.0","9,842.0","9,860.0","9,783.0","47.30K","-0.12"
"2003年11月12日","9,840.0","9,727.0","9,853.0","9,710.0","51.87K","1.24"
"2003年11月11日","9,719.0","9,730.0","9,747.0","9,699.0","29.55K","-0.20"
"2003年11月10日","9,738.0","9,765.0","9,805.0","9,717.0","42.11K","-0.36"
"2003年11月7日","9,773.0","9,848.0","9,915.0","9,755.0","53.99K","-0.71"
"2003年11月6日","9,843.0","9,817.0","9,853.0","9,738.0","52.60K","0.30"
"2003年11月5日","9,814.0","9,802.0","9,844.0","9,754.0","47.00K","-0.05"
"2003年11月4日","9,819.0","9,814.0","9,848.0","9,797.0","41.16K","0.06"
"2003年11月3日","9,813.0","9,763.0","9,870.0","9,756.0","47.25K","0.51"
"2003年10月31日","9,763.0","9,776.0","9,815.0","9,754.0","39.95K","-0.25"
"2003年10月30日","9,787.0","9,752.0","9,824.0","9,726.0","64.25K","0.37"
"2003年10月29日","9,751.0","9,701.0","9,760.0","9,673.0","51.53K","0.31"
"2003年10月28日","9,721.0","9,596.0","9,732.0","9,593.0","52.06K","1.40"
"2003年10月27日","9,587.0","9,566.0","9,637.0","9,553.0","48.12K","0.16"
"2003年10月24日","9,572.0","9,519.0","9,578.0","9,469.0","63.91K","0.09"
"2003年10月23日","9,563.0","9,558.0","9,599.0","9,491.0","59.05K","-0.24"
"2003年10月22日","9,586.0","9,699.0","9,702.0","9,550.0","60.36K","-1.33"
"2003年10月21日","9,715.0","9,783.0","9,783.0","9,698.0","44.26K","-0.45"
"2003年10月20日","9,759.0","9,694.0","9,789.0","9,680.0","45.78K","0.63"
"2003年10月17日","9,698.0","9,760.0","9,794.0","9,676.0","48.71K","-0.75"
"2003年10月16日","9,771.0","9,748.0","9,798.0","9,703.0","59.65K","0.03"
"2003年10月15日","9,768.0","9,790.0","9,845.0","9,735.0","49.02K","-0.14"
"2003年10月14日","9,782.0","9,753.0","9,799.0","9,700.0","46.44K","0.48"
"2003年10月13日","9,735.0","9,679.0","9,750.0","9,679.0","25.13K","0.63"
"2003年10月10日","9,674.0","9,650.0","9,699.0","9,626.0","37.31K","0.12"
"2003年10月9日","9,662.0","9,622.0","9,739.0","9,602.0","58.38K","0.48"
"2003年10月8日","9,616.0","9,610.0","9,643.0","9,562.0","50.16K","-0.01"
"2003年10月7日","9,617.0","9,574.0","9,628.0","9,504.0","56.31K","0.48"
"2003年10月6日","9,571.0","9,532.0","9,594.0","9,529.0","34.97K","0.30"
"2003年10月3日","9,542.0","9,468.0","9,635.0","9,452.0","67.17K","0.79"
"2003年10月2日","9,467.0","9,428.0","9,481.0","9,394.0","55.24K","0.33"
"2003年10月1日","9,436.0","9,266.0","9,439.0","9,258.0","58.65K","1.92"
"2003年9月30日","9,258.0","9,341.0","9,350.0","9,195.0","75.22K","-0.90"
"2003年9月29日","9,342.0","9,279.0","9,366.0","9,257.0","61.84K","0.67"
"2003年9月26日","9,280.0","9,289.0","9,327.0","9,256.0","58.27K","0.00"
"2003年9月25日","9,280.0","9,399.0","9,428.0","9,258.0","61.84K","-1.20"
"2003年9月24日","9,393.0","9,530.0","9,557.0","9,381.0","68.06K","-1.41"
"2003年9月23日","9,527.0","9,513.0","9,547.0","9,470.0","49.01K","0.22"
"2003年9月22日","9,506.0","9,564.0","9,564.0","9,461.0","49.30K","-0.99"
"2003年9月19日","9,601.0","9,627.0","9,649.0","9,572.0","42.58K","-0.65"
"2003年9月18日","9,664.0","9,579.0","9,683.0","9,542.0","4.65K","1.06"
"2003年9月17日","9,563.0","9,560.0","9,594.0","9,545.0","3.36K","-0.10"
"2003年9月16日","9,573.0","9,452.0","9,585.0","9,446.0","3.31K","1.29"
"2003年9月15日","9,451.0","9,480.0","9,493.0","9,439.0","3.89K","-0.23"
"2003年9月12日","9,473.0","9,469.0","9,489.0","9,381.0","7.79K","0.14"
"2003年9月11日","9,460.0","9,428.0","9,504.0","9,404.0","14.95K","0.28"
"2003年9月10日","9,434.0","9,509.0","9,516.0","9,394.0","51.92K","-0.83"
"2003年9月9日","9,513.0","9,589.0","9,605.0","9,485.0","44.38K","-0.69"
"2003年9月8日","9,579.0","9,502.0","9,594.0","9,498.0","47.13K","0.78"
"2003年9月5日","9,505.0","9,585.0","9,593.0","9,455.0","54.44K","-0.88"
"2003年9月4日","9,589.0","9,558.0","9,617.0","9,534.0","48.53K","0.19"
"2003年9月3日","9,571.0","9,521.0","9,592.0","9,506.0","62.82K","0.53"
"2003年9月2日","9,521.0","9,432.0","9,532.0","9,377.0","57.15K","1.19"
"2003年8月29日","9,409.0","9,363.0","9,421.0","9,340.0","28.63K","0.47"
"2003年8月28日","9,365.0","9,317.0","9,390.0","9,252.0","43.84K","0.45"
"2003年8月27日","9,323.0","9,342.0","9,346.0","9,301.0","30.87K","-0.09"
"2003年8月26日","9,331.0","9,314.0","9,354.0","9,227.0","53.07K","0.12"
"2003年8月25日","9,320.0","9,342.0","9,356.0","9,276.0","39.00K","-0.25"
"2003年8月22日","9,343.0","9,413.0","9,498.0","9,333.0","45.94K","-0.78"
"2003年8月21日","9,416.0","9,389.0","9,485.0","9,383.0","57.67K","0.28"
"2003年8月20日","9,390.0","9,395.0","9,422.0","9,357.0","44.00K","-0.34"
"2003年8月19日","9,422.0","9,408.0","9,436.0","9,335.0","50.68K","0.21"
"2003年8月18日","9,402.0","9,320.0","9,411.0","9,310.0","37.88K","0.97"
"2003年8月15日","9,312.0","9,264.0","9,329.0","9,251.0","26.34K","0.31"
"2003年8月14日","9,283.0","9,262.0","9,320.0","9,169.0","49.01K","0.14"
"2003年8月13日","9,270.0","9,279.0","9,319.0","9,216.0","49.03K","-0.19"
"2003年8月12日","9,288.0","9,209.0","9,297.0","9,186.0","43.72K","0.91"
"2003年8月11日","9,204.0","9,179.0","9,232.0","9,121.0","40.98K","0.24"
"2003年8月8日","9,182.0","9,108.0","9,187.0","9,101.0","38.46K","0.68"
"2003年8月7日","9,120.0","9,034.0","9,124.0","9,005.0","50.19K","0.97"
"2003年8月6日","9,032.0","8,976.0","9,116.0","8,975.0","63.14K","0.66"
"2003年8月5日","8,973.0","9,154.0","9,174.0","8,968.0","56.14K","-1.98"
"2003年8月4日","9,154.0","9,120.0","9,192.0","9,026.0","57.66K","0.15"
"2003年8月1日","9,140.0","9,218.0","9,249.0","9,115.0","50.72K","-0.73"
"2003年7月31日","9,207.0","9,183.0","9,343.0","9,168.0","62.28K","0.32"
"2003年7月30日","9,178.0","9,194.0","9,236.0","9,141.0","45.55K","-0.11"
"2003年7月29日","9,188.0","9,233.0","9,270.0","9,138.0","57.99K","-0.48"
"2003年7月28日","9,232.0","9,282.0","9,284.0","9,208.0","54.68K","-0.24"
"2003年7月25日","9,254.0","9,078.0","9,281.0","9,057.0","56.89K","1.83"
"2003年7月24日","9,088.0","9,190.0","9,267.0","9,078.0","60.70K","-0.95"
"2003年7月23日","9,175.0","9,149.0","9,184.0","9,071.0","53.69K","0.44"
"2003年7月22日","9,135.0","9,088.0","9,158.0","9,013.0","59.77K","0.57"
"2003年7月21日","9,083.0","9,150.0","9,163.0","9,048.0","42.72K","-0.79"
"2003年7月18日","9,155.0","9,035.0","9,164.0","9,020.0","41.35K","1.35"
"2003年7月17日","9,033.0","9,051.0","9,093.0","8,983.0","50.18K","-0.61"
"2003年7月16日","9,088.0","9,147.0","9,175.0","9,014.0","47.64K","-0.30"
"2003年7月15日","9,115.0","9,159.0","9,215.0","9,064.0","60.10K","-0.33"
"2003年7月14日","9,145.0","9,111.0","9,257.0","9,102.0","49.66K","0.53"
"2003年7月11日","9,097.0","9,007.0","9,125.0","8,980.0","41.39K","0.91"
"2003年7月10日","9,015.0","9,117.0","9,130.0","8,971.0","46.08K","-1.38"
"2003年7月9日","9,141.0","9,197.0","9,206.0","9,080.0","46.58K","-0.72"
"2003年7月8日","9,207.0","9,196.0","9,215.0","9,138.0","40.30K","0.10"
"2003年7月7日","9,198.0","9,060.0","9,240.0","9,060.0","39.85K","1.80"
"2003年7月3日","9,035.0","9,129.0","9,131.0","9,018.0","22.39K","-1.01"
"2003年7月2日","9,127.0","9,027.0","9,130.0","9,026.0","43.24K","1.19"
"2003年7月1日","9,020.0","8,950.0","9,030.0","8,847.0","55.56K","0.70"
"2003年6月30日","8,957.0","8,975.0","9,043.0","8,943.0","42.74K","0.08"
"2003年6月27日","8,950.0","9,057.0","9,085.0","8,943.0","41.34K","-1.09"
"2003年6月26日","9,049.0","8,975.0","9,076.0","8,965.0","42.59K","0.82"
"2003年6月25日","8,975.0","9,085.0","9,137.0","8,963.0","40.92K","-1.20"
"2003年6月24日","9,084.0","9,064.0","9,122.0","9,022.0","42.04K","0.29"
"2003年6月23日","9,058.0","9,140.0","9,163.0","9,013.0","41.47K","-1.04"
"2003年6月20日","9,153.0","9,149.0","9,254.0","9,142.0","45.99K","-0.32"
"2003年6月19日","9,182.0","9,300.0","9,326.0","9,155.0","3.91K","-1.23"
"2003年6月18日","9,296.0","9,311.0","9,338.0","9,235.0","2.97K","-0.23"
"2003年6月17日","9,317.0","9,329.0","9,366.0","9,271.0","3.63K","0.01"
"2003年6月16日","9,316.0","9,103.0","9,325.0","9,100.0","5.44K","2.03"
"2003年6月13日","9,131.0","9,230.0","9,230.0","9,075.0","6.54K","-0.88"
"2003年6月12日","9,212.0","9,188.0","9,250.0","9,118.0","16.18K","0.38"
"2003年6月11日","9,177.0","9,069.0","9,187.0","9,041.0","45.25K","1.21"
"2003年6月10日","9,067.0","8,990.0","9,074.0","8,983.0","39.13K","0.83"
"2003年6月9日","8,992.0","9,045.0","9,093.0","8,940.0","47.95K","-0.70"
"2003年6月6日","9,055.0","9,050.0","9,215.0","9,035.0","56.05K","0.17"
"2003年6月5日","9,040.0","9,027.0","9,070.0","8,962.0","44.23K","0.06"
"2003年6月4日","9,035.0","8,938.0","9,057.0","8,906.0","53.50K","1.21"
"2003年6月3日","8,927.0","8,879.0","8,936.0","8,852.0","47.20K","0.27"
"2003年6月2日","8,903.0","8,890.0","8,996.0","8,875.0","45.93K","0.58"
"2003年5月30日","8,852.0","8,718.0","8,873.0","8,718.0","39.30K","1.60"
"2003年5月29日","8,713.0","8,764.0","8,860.0","8,676.0","46.53K","-0.67"
"2003年5月28日","8,772.0","8,754.0","8,845.0","8,754.0","39.66K","0.17"
"2003年5月27日","8,757.0","8,593.0","8,789.0","8,530.0","40.81K","1.92"
"2003年5月23日","8,592.0","8,590.0","8,616.0","8,532.0","26.19K","0.17"
"2003年5月22日","8,577.0","8,490.0","8,619.0","8,481.0","38.19K","0.97"
"2003年5月21日","8,495.0","8,491.0","8,517.0","8,424.0","47.08K","0.14"
"2003年5月20日","8,483.0","8,482.0","8,539.0","8,399.0","52.45K","-0.08"
"2003年5月19日","8,490.0","8,629.0","8,635.0","8,466.0","41.12K","-2.13"
"2003年5月16日","8,675.0","8,687.0","8,734.0","8,628.0","32.40K","-0.25"
"2003年5月15日","8,697.0","8,648.0","8,716.0","8,627.0","44.71K","0.35"
"2003年5月14日","8,667.0","8,662.0","8,716.0","8,594.0","40.97K","0.00"
"2003年5月13日","8,667.0","8,683.0","8,703.0","8,625.0","38.10K","-0.32"
"2003年5月12日","8,695.0","8,590.0","8,721.0","8,546.0","41.33K","1.36"
"2003年5月9日","8,578.0","8,494.0","8,593.0","8,474.0","34.07K","1.18"
"2003年5月8日","8,478.0","8,526.0","8,552.0","8,445.0","48.99K","-0.82"
"2003年5月7日","8,548.0","8,556.0","8,612.0","8,501.0","49.99K","-0.26"
"2003年5月6日","8,570.0","8,500.0","8,622.0","8,494.0","48.71K","0.65"
"2003年5月5日","8,515.0","8,532.0","8,591.0","8,484.0","48.17K","-0.35"
"2003年5月2日","8,545.0","8,452.0","8,570.0","8,385.0","52.36K","1.36"
"2003年5月1日","8,430.0","8,449.0","8,456.0","8,316.0","39.50K","-0.27"
"2003年4月30日","8,453.0","8,465.0","8,508.0","8,407.0","44.58K","-0.28"
"2003年4月29日","8,477.0","8,436.0","8,537.0","8,412.0","45.67K","0.41"
"2003年4月28日","8,442.0","8,283.0","8,481.0","8,254.0","38.30K","1.88"
"2003年4月25日","8,286.0","8,411.0","8,435.0","8,260.0","36.31K","-1.46"
"2003年4月24日","8,409.0","8,473.0","8,480.0","8,373.0","32.76K","-0.97"
"2003年4月23日","8,491.0","8,470.0","8,509.0","8,426.0","36.09K","0.35"
"2003年4月22日","8,461.0","8,319.0","8,474.0","8,239.0","49.61K","1.63"
"2003年4月21日","8,325.0","8,339.0","8,377.0","8,280.0","33.35K","0.18"
"2003年4月17日","8,310.0","8,237.0","8,325.0","8,212.0","30.80K","1.00"
"2003年4月16日","8,228.0","8,473.0","8,490.0","8,209.0","37.52K","-2.05"
"2003年4月15日","8,400.0","8,340.0","8,453.0","8,281.0","31.86K","0.70"
"2003年4月14日","8,342.0","8,201.0","8,380.0","8,157.0","32.41K","2.01"
"2003年4月11日","8,178.0","8,212.0","8,317.0","8,153.0","38.20K","-0.32"
"2003年4月10日","8,204.0","8,176.0","8,216.0","8,118.0","33.15K","0.29"
"2003年4月9日","8,180.0","8,278.0","8,389.0","8,164.0","43.70K","-1.23"
"2003年4月8日","8,282.0","8,254.0","8,359.0","8,233.0","31.47K","0.34"
"2003年4月7日","8,254.0","8,358.0","8,500.0","8,251.0","38.80K","0.05"
"2003年4月4日","8,250.0","8,198.0","8,300.0","8,191.0","31.13K","0.63"
"2003年4月3日","8,198.0","8,240.0","8,354.0","8,185.0","33.11K","-0.53"
"2003年4月2日","8,242.0","8,075.0","8,296.0","8,059.0","31.85K","2.51"
"2003年4月1日","8,040.0","7,950.0","8,074.0","7,949.0","39.39K","1.26"
"2003年3月31日","7,940.0","8,075.0","8,075.0","7,891.0","35.19K","-2.22"
"2003年3月28日","8,120.0","8,185.0","8,191.0","8,082.0","28.29K","-0.61"
"2003年3月27日","8,170.0","8,186.0","8,225.0","8,001.0","35.98K","-0.34"
"2003年3月26日","8,198.0","8,242.0","8,277.0","8,161.0","35.29K","-0.53"
"2003年3月25日","8,242.0","8,391.0","8,404.0","8,154.0","36.26K","0.63"
"2003年3月24日","8,190.0","8,391.0","8,404.0","8,154.0","34.32K","-3.42"
"2003年3月21日","8,480.0","8,260.0","8,499.0","8,239.0","34.36K","2.30"
"2003年3月20日","8,289.0","8,300.0","8,327.0","8,129.0","2.34K","0.27"
"2003年3月19日","8,267.0","8,155.0","8,282.0","8,143.0","2.29K","0.87"
"2003年3月18日","8,196.0","8,103.0","8,243.0","8,095.0","3.93K","0.85"
"2003年3月17日","8,127.0","7,820.0","8,152.0","7,742.0","4.71K","3.19"
"2003年3月14日","7,876.0","7,825.0","7,932.0","7,799.0","6.32K","0.60"
"2003年3月13日","7,829.0","7,574.0","7,835.0","7,548.0","13.24K","3.54"
"2003年3月12日","7,561.0","7,527.0","7,568.0","7,418.0","40.74K","0.55"
"2003年3月11日","7,520.0","7,554.0","7,640.0","7,516.0","34.92K","-0.53"
"2003年3月10日","7,560.0","7,727.0","7,729.0","7,550.0","27.86K","-2.26"
"2003年3月7日","7,735.0","7,674.0","7,755.0","7,556.0","33.26K","0.78"
"2003年3月6日","7,675.0","7,771.0","7,773.0","7,630.0","34.25K","-1.18"
"2003年3月5日","7,767.0","7,696.0","7,773.0","7,660.0","32.90K","0.71"
"2003年3月4日","7,712.0","7,831.0","7,848.0","7,702.0","26.62K","-1.67"
"2003年3月3日","7,843.0","7,938.0","7,980.0","7,815.0","26.37K","-0.97"
"2003年2月28日","7,920.0","7,890.0","7,962.0","7,847.0","27.56K","0.35"
"2003年2月27日","7,892.0","7,803.0","7,922.0","7,774.0","34.56K","1.05"
"2003年2月26日","7,810.0","7,930.0","7,940.0","7,788.0","28.71K","-1.39"
"2003年2月25日","7,920.0","7,843.0","7,929.0","7,706.0","33.78K","0.76"
"2003年2月24日","7,860.0","8,024.0","8,041.0","7,844.0","26.47K","-1.75"
"2003年2月21日","8,000.0","7,925.0","8,039.0","7,844.0","30.87K","0.95"
"2003年2月20日","7,925.0","8,005.0","8,065.0","7,887.0","28.63K","-1.10"
"2003年2月19日","8,013.0","8,037.0","8,037.0","7,929.0","23.98K","-0.42"
"2003年2月18日","8,047.0","7,949.0","8,066.0","7,904.0","27.63K","1.54"
"2003年2月14日","7,925.0","7,757.0","8,048.0","7,712.0","35.57K","2.13"
"2003年2月13日","7,760.0","7,736.0","7,781.0","7,617.0","31.45K","0.32"
"2003年2月12日","7,735.0","7,828.0","7,845.0","7,729.0","29.19K","-1.33"
"2003年2月11日","7,839.0","7,924.0","7,967.0","7,784.0","31.90K","-0.89"
"2003年2月10日","7,909.0","7,875.0","7,917.0","7,780.0","32.04K","0.71"
"2003年2月7日","7,853.0","7,949.0","8,021.0","7,809.0","29.58K","-1.10"
"2003年2月6日","7,940.0","7,961.0","7,997.0","7,863.0","35.25K","-0.50"
"2003年2月5日","7,980.0","8,015.0","8,133.0","7,944.0","32.52K","-0.50"
"2003年2月4日","8,020.0","8,082.0","8,082.0","7,905.0","26.43K","-0.71"
"2003年2月3日","8,077.0","8,080.0","8,129.0","8,050.0","21.84K","0.37"
"2003年1月31日","8,047.0","7,898.0","8,074.0","7,848.0","31.63K","1.86"
"2003年1月30日","7,900.0","8,080.0","8,126.0","7,864.0","30.20K","-2.16"
"2003年1月29日","8,074.0","8,040.0","8,140.0","7,880.0","30.61K","0.36"
"2003年1月28日","8,045.0","7,995.0","8,094.0","7,964.0","26.84K","0.78"
"2003年1月27日","7,983.0","8,116.0","8,141.0","7,935.0","33.02K","-1.60"
"2003年1月24日","8,113.0","8,326.0","8,334.0","8,087.0","29.92K","-2.49"
"2003年1月23日","8,320.0","8,323.0","8,375.0","8,239.0","29.33K","0.24"
"2003年1月22日","8,300.0","8,435.0","8,473.0","8,286.0","27.21K","-1.60"
"2003年1月21日","8,435.0","8,593.0","8,610.0","8,413.0","26.08K","-1.72"
"2003年1月17日","8,583.0","8,667.0","8,669.0","8,538.0","17.09K","-1.34"
"2003年1月16日","8,700.0","8,722.0","8,790.0","8,655.0","22.76K","-1.25"
"2003年1月15日","8,810.0","8,819.0","8,855.0","8,682.0","187.65K","0.38"
"2003年1月14日","8,777.0","8,775.0","8,835.0","8,727.0","18.00K","0.00"
"2003年1月13日","8,777.0","8,761.0","8,864.0","8,729.0","24.56K","0.11"
"2003年1月10日","8,767.0","8,742.0","8,802.0","8,639.0","26.27K","0.30"
"2003年1月9日","8,741.0","8,602.0","8,774.0","8,575.0","22.67K","-0.10"
"2003年1月8日","8,750.0","8,730.0","8,745.0","8,561.0","22.10K","0.15"
"2003年1月7日","8,737.0","8,727.0","8,788.0","8,691.0","23.72K","0.00"
"2003年1月6日","8,737.0","8,630.0","8,787.0","8,561.0","18.82K","1.70"
"2003年1月3日","8,591.0","8,586.0","8,621.0","8,535.0","19.57K","3.12"
"2003年1月2日","8,331.0","8,320.0","8,610.0","8,316.0","22.04K","0.00"
"2002年12月31日","8,331.0","8,300.0","8,344.0","8,221.0","12.97K","0.29"
"2002年12月30日","8,307.0","8,261.0","8,349.0","8,235.0","15.44K","0.45"
"2002年12月27日","8,270.0","8,425.0","8,437.0","8,261.0","11.99K","-1.90"
"2002年12月26日","8,430.0","8,445.0","8,545.0","8,385.0","8.90K","0.00"
"2002年12月24日","8,430.0","8,490.0","8,504.0","8,420.0","3.66K","-0.71"
"2002年12月23日","8,490.0","8,502.0","8,537.0","8,442.0","9.82K","1.62"
"2002年12月20日","8,355.0","8,378.0","8,545.0","8,365.0","15.33K","-1.17"
"2002年12月19日","8,454.0","8,450.0","8,507.0","8,329.0","1.53K","0.00"
"2002年12月18日","8,454.0","8,553.0","8,553.0","8,410.0","1.73K","-2.07"
"2002年12月17日","8,633.0","8,613.0","8,645.0","8,521.0","2.77K","0.00"
"2002年12月16日","8,633.0","8,402.0","8,640.0","8,402.0","1.82K","1.08"
"2002年12月13日","8,541.0","8,535.0","8,535.0","8,398.0","3.14K","-0.34"
"2002年12月12日","8,570.0","8,596.0","8,616.0","8,509.0","6.10K","0.18"
"2002年12月11日","8,555.0","8,550.0","8,627.0","8,485.0","16.72K","1.21"
"2002年12月10日","8,453.0","8,481.0","8,578.0","8,467.0","20.39K","0.00"
"2002年12月9日","8,453.0","8,675.0","8,675.0","8,441.0","20.67K","-2.16"
"2002年12月6日","8,640.0","8,640.0","8,682.0","8,486.0","21.81K","-1.18"
"2002年12月5日","8,743.0","8,742.0","8,828.0","8,605.0","21.81K","-0.25"
"2002年12月4日","8,765.0","8,736.0","8,812.0","8,646.0","23.25K","0.00"
"2002年12月3日","8,765.0","8,885.0","8,894.0","8,718.0","20.81K","-1.18"
"2002年12月2日","8,870.0","8,870.0","9,044.0","8,780.0","20.75K","0.00"
"2002年11月29日","8,870.0","8,920.0","8,960.0","8,850.0","4.81K","2.37"
"2002年11月27日","8,665.0","8,689.0","8,939.0","8,665.0","4.81K","-1.84"
"2002年11月26日","8,827.0","8,819.0","8,844.0","8,660.0","21.56K","0.00"
"2002年11月25日","8,827.0","8,820.0","8,870.0","8,754.0","15.08K","-0.36"
"2002年11月22日","8,859.0","8,843.0","8,876.0","8,788.0","14.87K","2.16"
"2002年11月21日","8,672.0","8,665.0","8,869.0","8,645.0","20.88K","2.20"
"2002年11月20日","8,485.0","8,499.0","8,694.0","8,434.0","17.96K","0.06"
"2002年11月19日","8,480.0","8,474.0","8,541.0","8,398.0","20.00K","0.00"
"2002年11月18日","8,480.0","8,562.0","8,638.0","8,471.0","15.64K","-0.47"
"2002年11月15日","8,520.0","8,510.0","8,579.0","8,446.0","16.71K","1.13"
"2002年11月14日","8,425.0","8,404.0","8,546.0","8,390.0","21.55K","0.33"
"2002年11月13日","8,397.0","8,362.0","8,485.0","8,280.0","23.73K","0.00"
"2002年11月12日","8,397.0","8,348.0","8,496.0","8,347.0","20.43K","0.50"
"2002年11月11日","8,355.0","8,490.0","8,501.0","8,326.0","10.79K","-1.65"
"2002年11月8日","8,495.0","8,588.0","8,658.0","8,480.0","16.82K","-0.92"
"2002年11月7日","8,574.0","8,729.0","8,729.0","8,526.0","18.41K","-2.20"
"2002年11月6日","8,767.0","8,682.0","8,785.0","8,566.0","20.88K","1.38"
"2002年11月5日","8,648.0","8,545.0","8,676.0","8,517.0","18.39K","1.24"
"2002年11月4日","8,542.0","8,575.0","8,720.0","8,532.0","17.02K","0.61"
"2002年11月1日","8,490.0","8,336.0","8,550.0","8,283.0","15.86K","1.68"
"2002年10月31日","8,350.0","8,390.0","8,485.0","8,315.0","19.72K","-0.71"
"2002年10月30日","8,410.0","8,352.0","8,446.0","8,288.0","20.71K","0.77"
"2002年10月29日","8,346.0","8,374.0","8,383.0","8,163.0","22.06K","-0.38"
"2002年10月28日","8,378.0","8,450.0","8,543.0","8,305.0","17.99K","-0.73"
"2002年10月25日","8,440.0","8,267.0","8,442.0","8,237.0","15.90K","1.99"
"2002年10月24日","8,275.0","8,520.0","8,558.0","8,252.0","21.98K","-2.56"
"2002年10月23日","8,492.0","8,424.0","8,522.0","8,276.0","21.98K","0.56"
"2002年10月22日","8,445.0","8,477.0","8,478.0","8,356.0","18.56K","-0.82"
"2002年10月21日","8,515.0","8,285.0","8,539.0","8,210.0","18.18K","2.65"
"2002年10月18日","8,295.0","8,321.0","8,350.0","8,126.0","16.74K","0.48"
"2002年10月17日","8,255.0","8,153.0","8,360.0","8,140.0","17.63K","2.70"
"2002年10月16日","8,038.0","8,164.0","8,260.0","7,990.0","22.54K","-2.59"
"2002年10月15日","8,252.0","7,872.0","8,260.0","7,863.0","25.83K","5.01"
"2002年10月14日","7,858.0","7,825.0","7,898.0","7,734.0","16.26K","4.70"
"2002年10月11日","7,505.0","7,486.0","7,885.0","7,461.0","21.78K","3.09"
"2002年10月10日","7,280.0","7,263.0","7,543.0","7,174.0","28.68K","-3.06"
"2002年10月9日","7,510.0","7,512.0","7,525.0","7,253.0","28.68K","0.90"
"2002年10月8日","7,443.0","7,461.0","7,610.0","7,310.0","27.05K","0.00"
"2002年10月7日","7,443.0","7,521.0","7,621.0","7,388.0","19.52K","-1.42"
"2002年10月4日","7,550.0","7,733.0","7,813.0","7,447.0","18.70K","-2.05"
"2002年10月3日","7,708.0","7,735.0","7,903.0","7,667.0","17.83K","-0.73"
"2002年10月2日","7,765.0","7,952.0","7,957.0","7,710.0","19.02K","-2.60"
"2002年10月1日","7,972.0","7,563.0","7,985.0","7,530.0","18.42K","5.31"
"2002年9月30日","7,570.0","7,650.0","7,667.0","7,429.0","13.19K","-1.21"
"2002年9月27日","7,663.0","7,943.0","7,960.0","7,656.0","13.19K","-3.63"
"2002年9月26日","7,952.0","7,832.0","7,994.0","7,820.0","13.19K","1.34"
"2002年9月25日","7,847.0","7,640.0","7,879.0","7,604.0","15.17K","2.20"
"2002年9月24日","7,678.0","7,853.0","7,860.0","7,636.0","14.92K","-2.38"
"2002年9月23日","7,865.0","7,915.0","7,970.0","7,760.0","14.92K","-1.01"
"2002年9月20日","7,945.0","7,922.0","7,994.0","7,893.0","11.19K","-2.05"
"2002年9月19日","8,111.0","8,098.0","8,113.0","7,925.0","1.39K","-1.03"
"2002年9月18日","8,195.0","8,137.0","8,261.0","8,050.0","1.39K","-2.35"
"2002年9月17日","8,392.0","8,535.0","8,600.0","8,143.0","1.13K","0.00"
"2002年9月16日","8,392.0","8,333.0","8,398.0","8,267.0","2.51K","-0.01"
"2002年9月13日","8,393.0","8,359.0","8,388.0","8,249.0","2.51K","-1.86"
"2002年9月12日","8,552.0","8,558.0","8,570.0","8,350.0","2.87K","-0.79"
"2002年9月11日","8,620.0","8,730.0","8,760.0","8,540.0","12.01K","1.51"
"2002年9月10日","8,492.0","8,498.0","8,628.0","8,496.0","12.01K","0.00"
"2002年9月9日","8,492.0","8,428.0","8,559.0","8,313.0","10.76K","2.15"
"2002年9月6日","8,313.0","8,292.0","8,480.0","8,292.0","9.71K","-0.92"
"2002年9月5日","8,390.0","8,378.0","8,386.0","8,209.0","10.56K","1.11"
"2002年9月4日","8,298.0","8,297.0","8,455.0","8,279.0","10.38K","-3.88"
"2002年9月3日","8,633.0","8,568.0","8,580.0","8,289.0","13.96K","0.00"
"2002年8月30日","8,633.0","8,650.0","8,784.0","8,594.0","6.42K","-0.56"
"2002年8月29日","8,682.0","8,690.0","8,744.0","8,557.0","7.86K","-1.73"
"2002年8月28日","8,835.0","8,845.0","8,854.0","8,639.0","6.88K","-0.84"
"2002年8月27日","8,910.0","8,900.0","9,024.0","8,779.0","8.12K","0.00"
"2002年8月26日","8,910.0","8,875.0","8,955.0","8,753.0","8.12K","-1.44"
"2002年8月23日","9,040.0","9,075.0","9,075.0","8,823.0","6.75K","0.72"
"2002年8月22日","8,975.0","8,987.0","9,081.0","8,927.0","10.13K","1.01"
"2002年8月21日","8,885.0","8,884.0","8,985.0","8,799.0","6.20K","-0.91"
"2002年8月20日","8,967.0","8,951.0","8,974.0","8,815.0","6.20K","0.00"
"2002年8月19日","8,967.0","8,830.0","8,997.0","8,700.0","7.48K","1.82"
"2002年8月16日","8,807.0","8,775.0","8,837.0","8,705.0","12.38K","1.00"
"2002年8月15日","8,720.0","8,720.0","8,858.0","8,682.0","12.38K","2.83"
"2002年8月14日","8,480.0","8,482.0","8,751.0","8,350.0","10.92K","-2.19"
"2002年8月13日","8,670.0","8,675.0","8,738.0","8,454.0","6.90K","0.00"
"2002年8月12日","8,670.0","8,721.0","8,721.0","8,567.0","8.10K","-0.29"
"2002年8月9日","8,695.0","8,675.0","8,791.0","8,562.0","11.64K","0.00"
"2002年8月8日","8,695.0","8,440.0","8,709.0","8,414.0","11.64K","4.95"
"2002年8月7日","8,285.0","8,325.0","8,460.0","8,205.0","11.97K","3.09"
"2002年8月6日","8,037.0","8,022.0","8,413.0","7,980.0","10.58K","0.00"
"2002年8月5日","8,037.0","8,295.0","8,302.0","8,011.0","10.59K","-5.20"
"2002年8月2日","8,478.0","8,460.0","8,493.0","8,185.0","9.15K","-2.61"
"2002年8月1日","8,705.0","8,687.0","8,706.0","8,452.0","10.08K","0.13"
"2002年7月31日","8,694.0","8,660.0","8,770.0","8,523.0","10.51K","0.33"
"2002年7月30日","8,665.0","8,645.0","8,757.0","8,530.0","9.78K","0.00"
"2002年7月29日","8,665.0","8,290.0","8,711.0","8,277.0","8.75K","6.06"
"2002年7月26日","8,170.0","8,170.0","8,276.0","8,077.0","6.93K","-0.43"
"2002年7月25日","8,205.0","8,200.0","8,306.0","7,918.0","12.97K","6.59"
"2002年7月24日","7,698.0","7,685.0","8,230.0","7,460.0","12.97K","-1.12"
"2002年7月23日","7,785.0","7,815.0","7,950.0","7,646.0","13.74K","0.00"
"2002年7月22日","7,785.0","7,920.0","8,113.0","7,698.0","13.74K","-6.93"
"2002年7月19日","8,365.0","8,351.0","8,356.0","7,948.0","8.84K","-1.88"
"2002年7月18日","8,525.0","8,520.0","8,630.0","8,341.0","7.45K","0.61"
"2002年7月17日","8,473.0","8,439.0","8,721.0","8,402.0","9.27K","-2.18"
"2002年7月16日","8,662.0","8,662.0","8,664.0","8,395.0","11.58K","0.00"
"2002年7月15日","8,662.0","8,636.0","8,689.0","8,232.0","11.58K","-1.53"
"2002年7月12日","8,797.0","8,830.0","8,879.0","8,590.0","6.93K","0.00"
"2002年7月11日","8,797.0","8,803.0","8,858.0","8,597.0","8.69K","0.00"
"2002年7月10日","8,797.0","9,096.0","9,172.0","8,775.0","5.06K","-5.18"
"2002年7月9日","9,278.0","9,295.0","9,324.0","9,077.0","5.06K","0.00"
"2002年7月8日","9,278.0","9,393.0","9,393.0","9,237.0","5.00K","-1.21"
"2002年7月5日","9,392.0","9,052.0","9,412.0","9,050.0","2.97K","4.24"
"2002年7月3日","9,010.0","9,025.0","9,070.0","8,893.0","5.13K","-0.95"
"2002年7月2日","9,096.0","9,076.0","9,141.0","8,958.0","5.13K","0.00"
"2002年7月1日","9,096.0","9,225.0","9,324.0","9,088.0","5.20K","-1.83"
"2002年6月28日","9,266.0","9,289.0","9,360.0","9,222.0","3.83K","1.66"
"2002年6月27日","9,115.0","9,140.0","9,278.0","9,025.0","7.88K","0.11"
"2002年6月26日","9,105.0","9,000.0","9,171.0","8,864.0","8.57K","-2.20"
"2002年6月25日","9,310.0","9,338.0","9,405.0","9,100.0","9.59K","0.00"
"2002年6月24日","9,310.0","9,270.0","9,382.0","9,070.0","13.58K","0.46"
"2002年6月21日","9,267.0","9,420.0","9,480.0","9,205.0","8.12K","-3.10"
"2002年6月20日","9,563.0","9,555.0","9,563.0","9,405.0","0.15K","-1.98"
"2002年6月19日","9,756.0","9,640.0","9,736.0","9,541.0","0.11K","0.77"
"2002年6月18日","9,681.0","9,651.0","9,720.0","9,641.0","0.17K","0.00"
"2002年6月17日","9,681.0","9,515.0","9,697.0","9,513.0","0.67K","1.76"
"2002年6月14日","9,514.0","9,505.0","9,505.0","9,250.0","0.67K","-1.12"
"2002年6月13日","9,622.0","9,652.0","9,655.0","9,488.0","1.71K","1.02"
"2002年6月12日","9,525.0","9,546.0","9,633.0","9,448.0","8.48K","-1.34"
"2002年6月11日","9,654.0","9,642.0","9,764.0","9,505.0","7.69K","0.00"
"2002年6月10日","9,654.0","9,614.0","9,718.0","9,560.0","7.69K","0.25"
"2002年6月7日","9,630.0","9,546.0","9,641.0","9,468.0","6.29K","-1.78"
"2002年6月6日","9,805.0","9,800.0","9,821.0","9,510.0","6.60K","1.08"
"2002年6月5日","9,700.0","9,735.0","9,812.0","9,688.0","10.17K","0.18"
"2002年6月4日","9,683.0","9,700.0","9,750.0","9,593.0","10.17K","0.00"
"2002年6月3日","9,683.0","9,899.0","9,990.0","9,678.0","7.63K","-2.40"
"2002年5月31日","9,921.0","9,935.0","10,047.0","9,889.0","5.17K","-0.04"
"2002年5月30日","9,925.0","9,940.0","9,967.0","9,801.0","6.61K","-0.78"
"2002年5月29日","10,003.0","9,995.0","9,998.0","9,915.0","6.61K","-0.89"
"2002年5月28日","10,093.0","10,125.0","10,143.0","9,965.0","7.20K","-1.24"
"2002年5月24日","10,220.0","10,221.0","10,245.0","10,085.0","5.87K","0.67"
"2002年5月23日","10,152.0","10,127.0","10,228.0","10,086.0","5.87K","0.29"
"2002年5月22日","10,123.0","10,135.0","10,159.0","10,062.0","6.80K","-1.14"
"2002年5月21日","10,240.0","10,232.0","10,285.0","10,087.0","5.07K","0.00"
"2002年5月20日","10,240.0","10,335.0","10,335.0","10,210.0","5.07K","-0.51"
"2002年5月17日","10,293.0","10,333.0","10,364.0","10,256.0","3.86K","0.27"
"2002年5月16日","10,265.0","10,267.0","10,319.0","10,228.0","7.45K","-0.25"
"2002年5月15日","10,291.0","10,291.0","10,349.0","10,220.0","5.81K","1.84"
"2002年5月14日","10,105.0","10,110.0","10,297.0","10,089.0","5.81K","0.00"
"2002年5月13日","10,105.0","9,938.0","10,111.0","9,915.0","5.09K","0.72"
"2002年5月10日","10,033.0","10,041.0","10,080.0","9,910.0","5.09K","0.00"
"2002年5月9日","10,033.0","10,127.0","10,134.0","10,008.0","6.70K","-0.81"
"2002年5月8日","10,115.0","9,875.0","10,148.0","9,871.0","6.60K","3.21"
"2002年5月7日","9,800.0","9,800.0","9,920.0","9,790.0","6.60K","0.10"
"2002年5月6日","9,790.0","10,004.0","10,018.0","9,781.0","5.55K","-1.96"
"2002年5月3日","9,986.0","10,074.0","10,108.0","9,920.0","5.55K","-1.03"
"2002年5月2日","10,090.0","10,076.0","10,114.0","10,029.0","6.25K","0.20"
"2002年5月1日","10,070.0","9,963.0","10,081.0","9,820.0","6.33K","1.41"
"2002年4月30日","9,930.0","9,836.0","10,003.0","9,817.0","6.33K","1.14"
"2002年4月29日","9,818.0","9,907.0","9,933.0","9,806.0","4.62K","-0.48"
"2002年4月26日","9,865.0","10,036.0","10,077.0","9,860.0","8.12K","-1.76"
"2002年4月25日","10,042.0","10,015.0","10,045.0","9,919.0","8.12K","0.22"
"2002年4月24日","10,020.0","10,115.0","10,161.0","10,015.0","7.04K","-0.74"
"2002年4月23日","10,095.0","10,148.0","10,177.0","10,065.0","7.04K","-0.39"
"2002年4月22日","10,135.0","10,247.0","10,263.0","10,111.0","3.31K","-1.14"
"2002年4月19日","10,252.0","10,140.0","10,274.0","10,140.0","4.24K","0.76"
"2002年4月18日","10,175.0","10,238.0","10,272.0","10,040.0","4.86K","-0.52"
"2002年4月17日","10,228.0","10,309.0","10,338.0","10,185.0","5.34K","-0.74"
"2002年4月16日","10,304.0","10,141.0","10,344.0","10,132.0","6.74K","2.09"
"2002年4月15日","10,093.0","10,196.0","10,230.0","10,068.0","5.39K","-0.99"
"2002年4月12日","10,194.0","10,210.0","10,240.0","10,140.0","5.39K","0.24"
"2002年4月11日","10,170.0","10,378.0","10,378.0","10,158.0","6.37K","-2.09"
"2002年4月10日","10,387.0","10,229.0","10,399.0","10,215.0","6.19K","1.61"
"2002年4月9日","10,222.0","10,290.0","10,312.0","10,204.0","4.23K","-0.44"
"2002年4月8日","10,267.0","10,278.0","10,280.0","10,105.0","4.23K","-0.22"
"","","","","","",""
"","最高:10,983.0","最低:7,174.0","差价:3,809.0","平均:9,625.7","百分比变化:3.6"
